ngrama,frecuencia
flujo reserva,6
asistente responder,4
responder rápido,4
consultar disponibilidad,3
mejora incluir,3
pedir dato,3
resolver duda,3
bot pedir,2
funcionar flujo reserva,2
asistente responder rápido,2
gustar especialmente,2
flujo reserva entender,2
ejemplo visible,2
bot pedir dato,2
gustar bot,2
dato faltar,2
completar reserva,2
funcionar flujo,2
incluir información,2
información reserva,2
mejora añadir,2
mejora incluir información,2
pedir confirmación,2
reserva entender,2
respuesta asistente,2
respuesta útil,2
resultar útil,2
resumen visual,2
web responder,2
web responder rápido,2
